Species,Survival_Estimate,lowerCI,upperCI
M. candei,0.4443518,0.2738414,0.629059
Hybrid,0.6250712,0.4217769,0.7921184
M. vitellinus,0.5026496,0.3183571,0.6862249